<?xml version="1.0"?>
<doc>
    <assembly>
        <name>Google.Api.Gax.Rest</name>
    </assembly>
    <members>
        <member name="T:Google.Api.Gax.Rest.ClientBuilderBase`1">
            <summary>
            Base class for API-specific builders.
            </summary>
            <typeparam name="TClient">The type of client created by this builder.</typeparam>
        </member>
        <member name="P:Google.Api.Gax.Rest.ClientBuilderBase`1.CredentialsPath">
            <summary>
            The path to the credentials file to use, or null if credentials are being provided in a different way.
            The resulting credential is automatically scoped with the default scopes for the API.
            </summary>
        </member>
        <member name="P:Google.Api.Gax.Rest.ClientBuilderBase`1.JsonCredentials">
            <summary>
            The credentials to use as a JSON string, or null if credentials are being provided in a different way.
            The resulting credential is automatically scoped with the default scopes for the API.
            </summary>
        </member>
        <member name="P:Google.Api.Gax.Rest.ClientBuilderBase`1.ApplicationName">
            <summary>
            A custom application name to use for this client, or null to use the default application name.
            </summary>
        </member>
        <member name="P:Google.Api.Gax.Rest.ClientBuilderBase`1.BaseUri">
            <summary>
            A custom base URI for the service, or null to use the default URI.
            </summary>
        </member>
        <member name="P:Google.Api.Gax.Rest.ClientBuilderBase`1.Credential">
            <summary>
            The credential to use for authentication. This cannot be specified alongside other authentication properties.
            Note that scopes are not automatically applied to this credential; if a scoped credential is required, the
            scoping must be applied by the calling code.
            </summary>
        </member>
        <member name="P:Google.Api.Gax.Rest.ClientBuilderBase`1.ApiKey">
            <summary>
            An API key to use instead of a regular credential. If this is non-null and no other credentials are supplied,
            it will be used as the only credentials. If other credentials are supplied (such as through <see cref="P:Google.Api.Gax.Rest.ClientBuilderBase`1.CredentialsPath"/>)
            then the two values will both be used together.
            </summary>
        </member>
        <member name="P:Google.Api.Gax.Rest.ClientBuilderBase`1.QuotaProject">
            <summary>
            The GCP project ID that should be used for quota and billing purposes.
            May be null.
            </summary>
        </member>
        <member name="P:Google.Api.Gax.Rest.ClientBuilderBase`1.HttpClientFactory">
            <summary>
            An <see cref="T:Google.Apis.Http.IHttpClientFactory"/> that will be used to obtain
            <see cref="T:Google.Apis.Http.ConfigurableHttpClient"/> for making API Http calls.
            May be null, in which case an <see cref="T:Google.Apis.Http.HttpClientFactory"/>
            will be used.
            </summary>
            <remarks>
            If you want to use custom HTTP clients, for instance, if you need to set a proxy,
            you may do so by either
            <list type="bullet">
            <item>
            Extending <see cref="T:Google.Apis.Http.HttpClientFactory"/>. Refer to
            <see cref="T:Google.Apis.Http.HttpClientFactory" /> documentation for more information.
            </item>
            <item>
            On .NET Core 2.1 and above, using <see cref="T:Google.Apis.Http.HttpClientFromMessageHandlerFactory"/>
            in combination with <code>System.Net.Http.IHttpClientFactory</code>. Refer to
            <see cref="T:Google.Apis.Http.HttpClientFromMessageHandlerFactory"/> documentation and
            https://docs.microsoft.com/en-us/dotnet/architecture/microservices/implement-resilient-applications/use-httpclientfactory-to-implement-resilient-http-requests
            for more information.
            </item>
            </list>
            </remarks>
        </member>
        <member name="M:Google.Api.Gax.Rest.ClientBuilderBase`1.#ctor">
            <summary>
            Creates a new instance with no settings.
            </summary>
        </member>
        <member name="M:Google.Api.Gax.Rest.ClientBuilderBase`1.Validate">
            <summary>
            Validates that the builder is in a consistent state for building. For example, it's invalid to call
            <see cref="M:Google.Api.Gax.Rest.ClientBuilderBase`1.Build"/> on an instance which has both JSON credentials and a credentials path specified.
            </summary>
            <exception cref="T:System.InvalidOperationException">The builder is in an invalid state.</exception>
        </member>
        <member name="M:Google.Api.Gax.Rest.ClientBuilderBase`1.ValidateAtMostOneNotNull(System.String,System.Object[])">
            <summary>
            Validates that at most one of the given values is not null.
            </summary>
            <param name="message">The message if the condition is violated.</param>
            <param name="values">The values to check for nullity.</param>
            <exception cref="T:System.InvalidOperationException">More than one value is null.</exception>
        </member>
        <member name="M:Google.Api.Gax.Rest.ClientBuilderBase`1.CreateServiceInitializer">
            <summary>
            Creates an initializer for the service. This method does not perform any validation.
            </summary>
            <returns>An initializer for the service.</returns>
        </member>
        <member name="M:Google.Api.Gax.Rest.ClientBuilderBase`1.CreateServiceInitializerAsync(System.Threading.CancellationToken)">
            <summary>
            Creates an initializer for the service asynchronously. This method does not perform any validation.
            </summary>
            <returns>An initializer for the service.</returns>
        </member>
        <member name="M:Google.Api.Gax.Rest.ClientBuilderBase`1.GetHttpClientInitializer">
            <summary>
            Obtains credentials synchronously. Override this method in a concrete builder type if more
            credential mechanisms are supported.
            </summary>
        </member>
        <member name="M:Google.Api.Gax.Rest.ClientBuilderBase`1.GetHttpClientInitializerAsync(System.Threading.CancellationToken)">
            <summary>
            Obtains credentials asynchronously. Override this method in a concrete builder type if more
            credential mechanisms are supported.
            </summary>
        </member>
        <member name="M:Google.Api.Gax.Rest.ClientBuilderBase`1.GetScopedCredentialProvider">
            <summary>
            Returns the scoped credential provider for this builder.
            </summary>
        </member>
        <member name="M:Google.Api.Gax.Rest.ClientBuilderBase`1.GetDefaultApplicationName">
            <summary>
            Returns the default application name, used if no custom name is otherwise specified.
            </summary>
        </member>
        <member name="M:Google.Api.Gax.Rest.ClientBuilderBase`1.Build">
            <summary>
            Builds the resulting client.
            </summary>
        </member>
        <member name="M:Google.Api.Gax.Rest.ClientBuilderBase`1.BuildAsync(System.Threading.CancellationToken)">
            <summary>
            Builds the resulting client asynchronously.
            </summary>
        </member>
        <member name="T:Google.Api.Gax.Rest.ClientBuilderBase`1.ExtraHeadersInitializer">
            <summary>
            Class to be used to set the quota project on request headers when
            an ApiKey is being used for authentication instead of a credential.
            </summary>
        </member>
        <member name="T:Google.Api.Gax.Rest.PageManagerExtensions">
            <summary>
            Extension methods on IPageManager, just to avoid repetitive code.
            </summary>
        </member>
        <member name="T:Google.Api.Gax.Rest.IPageManager`3">
            <summary>
            Interface describing the relationship between requests, responses and resources for
            page streaming.
            </summary>
            <typeparam name="TRequest">The request type.</typeparam>
            <typeparam name="TResponse">The response type.</typeparam>
            <typeparam name="TResource">The resource type.</typeparam>
        </member>
        <member name="M:Google.Api.Gax.Rest.IPageManager`3.SetPageSize(`0,System.Int32)">
            <summary>
            Applies the given page size to the given request.
            </summary>
            <param name="request">The request to modify.</param>
            <param name="pageSize">The page size for the next remote call.</param>
        </member>
        <member name="M:Google.Api.Gax.Rest.IPageManager`3.SetPageToken(`0,System.String)">
            <summary>
            Applies the given page token to the given request.
            </summary>
            <param name="request">The request to modify.</param>
            <param name="pageToken">The page token for the next remote call.</param>
        </member>
        <member name="M:Google.Api.Gax.Rest.IPageManager`3.GetResources(`1)">
            <summary>
            Extracts resources from a response.
            </summary>
            <param name="response">The response containing the resources.</param>
            <returns>The resources in the response, or <c>null</c> if it contains no resources.</returns>
        </member>
        <member name="M:Google.Api.Gax.Rest.IPageManager`3.GetNextPageToken(`1)">
            <summary>
            Extracts the next page token from a response.
            </summary>
            <param name="response">The response to extract the next page token from.</param>
            <returns>The next page token, or <c>null</c> if this is the final page of results.</returns>
        </member>
        <member name="T:Google.Api.Gax.Rest.RestPagedAsyncEnumerable`3">
            <summary>
            An asynchronous sequence of resources, obtained lazily via API operations which retrieve a page at a time.
            </summary>
            <typeparam name="TRequest">The API request type.</typeparam>
            <typeparam name="TResponse">The API response type. Each response contains a page of resources.</typeparam>
            <typeparam name="TResource">The resource type contained within the response.</typeparam>
        </member>
        <member name="M:Google.Api.Gax.Rest.RestPagedAsyncEnumerable`3.#ctor(System.Func{`0},Google.Api.Gax.Rest.IPageManager{`0,`1,`2})">
            <summary>
            Creates a new lazily-evaluated sequence from the given API call, initial request, and call settings.
            </summary>
            <param name="requestProvider">A factory used to create an initial request each time the sequence is iterated over.</param>
            <param name="pageManager">A manager to work with the requests and responses.</param>
        </member>
        <member name="M:Google.Api.Gax.Rest.RestPagedAsyncEnumerable`3.AsRawResponses">
            <inheritdoc/>
        </member>
        <member name="M:Google.Api.Gax.Rest.RestPagedAsyncEnumerable`3.ReadPageAsync(System.Int32,System.Threading.CancellationToken)">
            <inheritdoc/>
        </member>
        <member name="M:Google.Api.Gax.Rest.RestPagedAsyncEnumerable`3.GetAsyncEnumerator(System.Threading.CancellationToken)">
            <inheritdoc/>
        </member>
        <member name="T:Google.Api.Gax.Rest.ResourceEnumerator`3">
            <summary>
            Class to effectively perform SelectMany on the pages, extracting resources.
            This allows us to avoid taking a dependency on System.Linq.Async.
            </summary>
        </member>
        <member name="T:Google.Api.Gax.Rest.ResponseAsyncEnumerable`3">
            <summary>
            An asynchronous sequence of API responses, each containing a page of resources.
            </summary>
            <typeparam name="TRequest">The API request type.</typeparam>
            <typeparam name="TResponse">The API response type.</typeparam>
            <typeparam name="TResource">The resource type contained within the response.</typeparam>
        </member>
        <member name="M:Google.Api.Gax.Rest.ResponseAsyncEnumerable`3.GetAsyncEnumerator(System.Threading.CancellationToken)">
            <inheritdoc />
        </member>
        <member name="T:Google.Api.Gax.Rest.RestPagedEnumerable`3">
            <summary>
            A sequence of resources, obtained lazily via API operations which retrieve a page at a time.
            </summary>
            <typeparam name="TRequest">The API request type.</typeparam>
            <typeparam name="TResponse">The API response type. Each response contains a page of resources.</typeparam>
            <typeparam name="TResource">The resource type contained within the response.</typeparam>
        </member>
        <member name="M:Google.Api.Gax.Rest.RestPagedEnumerable`3.#ctor(System.Func{`0},Google.Api.Gax.Rest.IPageManager{`0,`1,`2})">
            <summary>
            Creates a new lazily-evaluated sequence from the given API call, initial request, and call settings.
            </summary>
            <param name="requestProvider">A factory used to create an initial request each time the sequence is iterated over.</param>
            <param name="pageManager">A manager to work with the requests and responses.</param>
        </member>
        <member name="M:Google.Api.Gax.Rest.RestPagedEnumerable`3.AsRawResponses">
            <inheritdoc/>
        </member>
        <member name="M:Google.Api.Gax.Rest.RestPagedEnumerable`3.GetEnumerator">
            <inheritdoc/>
        </member>
        <member name="M:Google.Api.Gax.Rest.RestPagedEnumerable`3.ReadPage(System.Int32)">
            <inheritdoc/>
        </member>
        <member name="T:Google.Api.Gax.Rest.ScopedCredentialProvider">
            <summary>
            Simple factory of scoped credentials, which caches a scoped version of the
            default application credentials to avoid repeated authentication.
            </summary>
        </member>
        <member name="F:Google.Api.Gax.Rest.ScopedCredentialProvider._lazyScopedDefaultCredentials">
            <summary>
            Lazily-created task to retrieve the default application credentials. Once completed, this
            task can be used whenever credentials are required. The returned task always runs in the
            thread pool, so its result can be used synchronously from synchronous methods without risk of deadlock.
            The field is initialized in the constructor, as it uses _scopes,
            and you can't refer to an instance field within an instance field initializer.
            </summary>
        </member>
        <member name="M:Google.Api.Gax.Rest.ScopedCredentialProvider.#ctor(System.Collections.Generic.IEnumerable{System.String})">
            <summary>
            Creates a channel pool which will apply the specified scopes to the credentials if they require any.
            </summary>
            <param name="scopes">The scopes to apply. Must not be null, and must not contain null references. May be empty.</param>
        </member>
        <member name="M:Google.Api.Gax.Rest.ScopedCredentialProvider.GetCredentials(Google.Apis.Auth.OAuth2.GoogleCredential)">
            <summary>
            Returns credentials with the scopes applied if required.
            </summary>
            <param name="credentials">Existing credentials, if any. This may be null,
            in which case the default application credentials will be used.</param>
            <returns>A task representing the asynchronous operation. The result of the task
            is the scoped credentials.</returns>
        </member>
        <member name="M:Google.Api.Gax.Rest.ScopedCredentialProvider.GetCredentialsAsync(Google.Apis.Auth.OAuth2.GoogleCredential,System.Threading.CancellationToken)">
            <summary>
            Asynchronously returns credentials with the scopes applied if required.
            </summary>
            <param name="credentials">Existing credentials, if any. This may be null,
            in which case the default application credentials will be used.</param>
            <param name="cancellationToken">A cancellation token for the operation.</param>
            <returns>A task representing the asynchronous operation. The result of the task
            is the scoped credentials.</returns>
        </member>
        <member name="M:Google.Api.Gax.Rest.ScopedCredentialProvider.WithCancellationToken``1(System.Threading.Tasks.Task{``0},System.Threading.CancellationToken)">
            <summary>
            Returns a task which can be cancelled by the given cancellation token, but otherwise observes the original
            task's state. This does *not* cancel any work that the original task was doing, and should be used carefully.
            </summary>
        </member>
        <member name="T:Google.Api.Gax.Rest.UserAgentHelper">
            <summary>
            Common code used for building user agents and related headers in REST libraries.
            </summary>
        </member>
        <member name="M:Google.Api.Gax.Rest.UserAgentHelper.GetDefaultUserAgent(System.Type)">
            <summary>
            Formats a user agent suitable for REST client libraries.
            </summary>
            <param name="type">The type to extract the version number from.</param>
            <returns>A user agent value.</returns>
        </member>
    </members>
</doc>
